id,name,email,gender,grade
1,Anderson Klink,aklink0@prlog.org,Male,9.2
2,Melisande Done,mdone1@chron.com,Female,6.8
3,Babbie Dilworth,bdilworth2@joomla.org,Female,1.9
4,Bengt Tennock,btennock3@hc360.com,Male,5.8
5,Annamarie Sloey,asloey4@bravesites.com,Female,7.2
6,Veronique Saladino,vsaladino5@arstechnica.com,Female,1.2
7,Raychel Cattach,rcattach6@posterous.com,Agender,4.6
8,Vin Tume,vtume7@github.io,Male,4.8
9,Tore Seleway,tseleway8@unicef.org,Male,2.8
10,Opal Edgeler,oedgeler9@springer.com,Female,9.9
11,Timothea Farriar,tfarriara@macromedia.com,Female,1.2
12,Torey Fiddian,tfiddianb@psu.edu,Female,8.7
13,Thoma Guitonneau,tguitonneauc@slate.com,Male,9.3
14,Loretta Thrower,lthrowerd@naver.com,Female,9
15,Cori Vasler,cvaslere@webeden.co.uk,Male,8.7
16,Meryl Byrde,mbyrdef@moonfruit.com,Female,8.7
17,Goddart Guerin,gguering@cmu.edu,Male,1.1
18,Warner Peeter,wpeeterh@quantcast.com,Male,8.5
19,Vasily Cutteridge,vcutteridgei@mapy.cz,Male,3.1
20,Myrah Balm,mbalmj@hexun.com,Female,1.4
21,Juliann Jerke,jjerkek@businesswire.com,Female,7.2
22,Cristabel Skeermer,cskeermerl@wunderground.com,Female,7.1
23,Amalia Izen,aizenm@yahoo.co.jp,Bigender,1.5
24,Sharleen Doale,sdoalen@prnewswire.com,Female,9.6
25,Christos Losseljong,closseljongo@ed.gov,Male,1.8
26,Hana Liver,hliverp@forbes.com,Female,2.2
27,Tonye Scottini,tscottiniq@narod.ru,Female,3.4
28,Geraldine Peacock,gpeacockr@cisco.com,Female,7.3
29,Baxter Sporrij,bsporrijs@soundcloud.com,Male,3.6
30,Shari Jelleman,sjellemant@walmart.com,Female,2.3
31,Conny Awdry,cawdryu@fastcompany.com,Male,9.2
32,Chloette Cotter,ccotterv@mtv.com,Female,3.1
33,Wayne O'Hdirscoll,wohdirscollw@springer.com,Male,8.7
34,Cornelia Tackett,ctackettx@vkontakte.ru,Female,9.4
35,Eulalie Phippin,ephippiny@bbc.co.uk,Polygender,8.4
36,Yetty Llywarch,yllywarchz@storify.com,Female,9.4
37,Dimitry Gounel,dgounel10@odnoklassniki.ru,Male,2.7
38,Cleve Kennady,ckennady11@nationalgeographic.com,Male,6
39,Cullie Mardling,cmardling12@google.nl,Male,8.3
40,Dav Khotler,dkhotler13@huffingtonpost.com,Male,4.1
41,Davin Grisedale,dgrisedale14@apple.com,Male,2.4
42,Allan Gregersen,agregersen15@weather.com,Male,8.2
43,Karlens Ferrotti,kferrotti16@cloudflare.com,Male,7
44,Raphaela Spat,rspat17@netlog.com,Female,7.3
45,Finley Bartholin,fbartholin18@tinyurl.com,Male,4.7
46,Prince Pagden,ppagden19@jugem.jp,Male,6
47,Jarrad Cabrales,jcabrales1a@bing.com,Male,6.8
48,Tucker Hedge,thedge1b@cpanel.net,Male,6.1
49,Humberto Weaben,hweaben1c@cyberchimps.com,Male,1.3
50,Gennifer Turnock,gturnock1d@tinyurl.com,Female,6.6
51,Bran Aloshikin,baloshikin1e@cdbaby.com,Male,7.8
52,Tobit Bernette,tbernette1f@hao123.com,Male,9.1
53,Tracy Ashcroft,tashcroft1g@zimbio.com,Genderqueer,1.8
54,Freddi Keoghane,fkeoghane1h@noaa.gov,Female,1.2
55,Nilson Brisbane,nbrisbane1i@yahoo.com,Male,1.2
56,Ianthe Kneaphsey,ikneaphsey1j@youtube.com,Female,2.2
57,Bryce Mallebone,bmallebone1k@reuters.com,Male,8.4
58,Ode Jeste,ojeste1l@rambler.ru,Male,8.4
59,Debbi Edmead,dedmead1m@abc.net.au,Female,4.1
60,Thea Gethyn,tgethyn1n@pen.io,Female,9.7
61,Rosaline Piniur,rpiniur1o@is.gd,Female,6.4
62,Lyell Worboys,lworboys1p@hugedomains.com,Male,2.4
63,Camile Binnell,cbinnell1q@technorati.com,Female,7.1
64,Itch Aynold,iaynold1r@ucsd.edu,Male,3
65,Read St. Paul,rst1s@ibm.com,Male,8.6
66,Warde Kirmond,wkirmond1t@java.com,Male,9.1
67,Hortense Degli Antoni,hdegli1u@narod.ru,Female,1.8
68,Isiahi Clampett,iclampett1v@ft.com,Male,8.1
69,Carlie Huxtable,chuxtable1w@mlb.com,Male,4.7
70,Mellie Gerler,mgerler1x@nature.com,Female,10
71,Eadmund Orneles,eorneles1y@list-manage.com,Male,6.3
72,Gisella McKellen,gmckellen1z@flickr.com,Female,2.7
73,Kent Medwell,kmedwell20@soup.io,Male,9.7
74,Odella Duckels,oduckels21@google.cn,Female,1.8
75,Carlie Ranscombe,cranscombe22@tuttocitta.it,Female,9.1
76,Robinia Braunroth,rbraunroth23@msn.com,Female,9.3
77,Gianina Reolfo,greolfo24@elegantthemes.com,Female,3.3
78,Claretta Veltmann,cveltmann25@nps.gov,Female,7
79,Vikki Brunner,vbrunner26@berkeley.edu,Female,1
80,Nehemiah Ludmann,nludmann27@pen.io,Male,7.2
81,Ardra Venes,avenes28@chron.com,Female,1.8
82,Hartley Bowes,hbowes29@google.nl,Male,1.3
83,Jereme Barenskie,jbarenskie2a@blog.com,Genderfluid,6.1
84,Cletus Coxhead,ccoxhead2b@upenn.edu,Male,8.3
85,Tallie Males,tmales2c@istockphoto.com,Male,6.7
86,Daile Rutt,drutt2d@cmu.edu,Female,6.8
87,Romola Petera,rpetera2e@va.gov,Polygender,8
88,Eugine Dumingo,edumingo2f@amazon.de,Female,2
89,Catlin Sieghard,csieghard2g@mac.com,Female,8.5
90,Starr Ivashin,sivashin2h@printfriendly.com,Genderfluid,6.3
91,Poul Ruppertz,pruppertz2i@hc360.com,Male,5.6
92,Jasmine Stephens,jstephens2j@istockphoto.com,Female,3.8
93,Theda Mulvihill,tmulvihill2k@shop-pro.jp,Agender,9.2
94,Jeane Crummey,jcrummey2l@live.com,Female,9.9
95,Ody Henriet,ohenriet2m@icio.us,Male,3
96,Vittoria Grosvener,vgrosvener2n@prlog.org,Genderfluid,6.6
97,Fanya Tigner,ftigner2o@webeden.co.uk,Female,1.9
98,Mallorie Caldaro,mcaldaro2p@telegraph.co.uk,Female,3.7
99,Ilaire Fairholme,ifairholme2q@home.pl,Genderqueer,5.8
100,Dwain Beazleigh,dbeazleigh2r@eepurl.com,Male,3.6
